id;username;name;avatar;xp_points;level;created_at;family_id
1;sore shameful hopelessly;help meanwhile blah;because behold;29991;16499;2025-07-11T09:49:15;1
2;braid replicate;but;spattering override nervously;4209;1150;2025-07-11T13:40:22;2
3;ack among fooey;debut bah;second-hand;5810;8435;2025-07-10T19:22:11;3
4;couch that till;woot;chairperson whereas;1874;879;2025-07-10T22:23:20;4
5;ick from;nectarine;enormously elastic;32079;6653;2025-07-11T08:25:17;5
6;why given hmph;recede vice;provided which sinful;30641;3554;2025-07-11T09:55:35;6
7;whopping;hence;qua;8030;10645;2025-07-11T04:02:12;7
8;hence that;during larva;winged for;21590;24480;2025-07-11T02:07:36;8
9;characterization majestically mmm;along typify;till cemetery pause;13975;20604;2025-07-11T05:56:02;9
10;recklessly;obtrude react;doubtfully fooey ah;15878;4397;2025-07-11T00:51:53;10
